field_path,field_group,industry_meaning,source_category,source_categories,source_ids,simulation_role,evidence_role,value_status,requires_real_validation_later,first_batch_required,notes
task_taxonomy.manufacturing_stage,task_taxonomy,船舶制造阶段用于区分 panel line subassembly block assembly 等任务语境,shipbuilding_case,shipbuilding_case;project_internal,vendor-kobelco-shipbuilding-welding;vendor-kranendonk-panel-welding-gantry;case-siemens-hd-hyundai-mipo-autonomous-welding;project-260522-shipbuilding-welding-brain-plan,scenario_selection,field_coverage,public_vocabulary,false,true,首批任务必须绑定制造阶段但具体工位仍需项目确认
task_taxonomy.weld_object,task_taxonomy,焊接对象用于表达 stiffener panel butt bulkhead web 等船舶构件,shipbuilding_case,shipbuilding_case;project_internal,vendor-hyundai-welding-cobot-shipbuilding-2024;vendor-kobelco-shipbuilding-welding;vendor-kranendonk-panel-welding-gantry;project-260522-shipbuilding-welding-brain-plan,scenario_selection,field_coverage,public_vocabulary,false,true,对象名称可先用公开词汇和项目内部对象表
task_taxonomy.joint_type,task_taxonomy,接头形式用于区分 butt fillet tee lap groove complex,public_process_reference,shipbuilding_case;public_process_reference;project_internal,vendor-kobelco-shipbuilding-welding;vendor-kranendonk-panel-welding-gantry;guide-lincoln-electric-gmaw;guide-esab-fcaw-gmaw;guide-miller-gmaw;project-260522-shipbuilding-welding-brain-plan,geometry_selection,field_coverage,public_vocabulary,false,true,接头类型进入几何生成前置层
task_taxonomy.weld_position,task_taxonomy,焊接位置用于约束姿态和任务复杂度,public_process_reference,public_process_reference,vendor-kobelco-shipbuilding-welding;guide-esab-fcaw-gmaw;guide-miller-gmaw,pose_constraint,field_coverage,public_vocabulary,false,true,第一批优先 flat horizontal 并保留 vertical overhead 路线图
task_taxonomy.groove_geometry,task_taxonomy,坡口几何用于描述坡口类型角度间隙钝边等边界,project_internal,project_internal,project-260522-shipbuilding-welding-brain-plan,geometry_constraint,task_mapping,project_defined_placeholder,true,conditional,panel-butt 必须覆盖但数值不得当作 WPS
task_taxonomy.layer_pass,task_taxonomy,层道结构用于描述 single pass multi-pass multi-layer 和层道占位,project_internal,project_internal,project-260522-shipbuilding-welding-brain-plan,procedure_placeholder,task_mapping,simulation_assumption,true,conditional,首批只做字段占位不做厚板多层多道完整优化
procedure_fields.welding_process,procedure_fields,焊接方法用于承接 GMAW FCAW SAW manual 等工艺口径,public_process_reference,public_process_reference;standard_reference,standard-aws-swps-public-page;guide-lincoln-electric-gmaw;guide-esab-fcaw-gmaw;guide-miller-gmaw,process_selection,procedure_reference,public_vocabulary,true,true,允许 unknown 但必须显式记录
procedure_fields.plate_thickness_mm,procedure_fields,板厚用于约束坡口填充量参数窗口和任务难度,project_internal,project_internal,project-260522-shipbuilding-welding-brain-plan,geometry_assumption,task_mapping,simulation_assumption,true,true,当前多来自假设后续需图纸或 WPS 验证
procedure_fields.current,procedure_fields,电流是焊接过程参数和热输入占位核心字段,public_process_reference,public_process_reference;standard_reference;public_dataset_schema,standard-aws-swps-public-page;guide-lincoln-electric-gmaw;guide-esab-fcaw-gmaw;guide-miller-gmaw;dataset-zenodo-metal-arc-welding-10017718;dataset-zenodo-tandem-gmaw-17951725;dataset-mendeley-gmaw-screening-pool,parameter_placeholder,procedure_reference,public_reference_plus_schema,true,true,可做 schema 和参数占位不可证明真实合格
procedure_fields.voltage,procedure_fields,电压是电弧过程和热输入占位关键字段,public_process_reference,public_process_reference;standard_reference;public_dataset_schema,standard-aws-swps-public-page;guide-lincoln-electric-gmaw;guide-esab-fcaw-gmaw;guide-miller-gmaw;dataset-zenodo-metal-arc-welding-10017718;dataset-zenodo-tandem-gmaw-17951725;dataset-mendeley-gmaw-screening-pool,parameter_placeholder,procedure_reference,public_reference_plus_schema,true,true,数值窗口必须后续由 WPS PQR 或试焊确认
procedure_fields.travel_speed,procedure_fields,焊接行走速度关联运动生成和热输入占位,public_process_reference,shipbuilding_case;public_process_reference;standard_reference;public_dataset_schema,vendor-kranendonk-panel-welding-gantry;standard-aws-swps-public-page;guide-lincoln-electric-gmaw;guide-esab-fcaw-gmaw;guide-miller-gmaw;dataset-zenodo-tandem-gmaw-17951725,motion_parameter,field_coverage,public_reference_plus_schema,true,true,可进入仿真轨迹速度字段但不得当作质量验证
procedure_fields.trajectory,procedure_fields,TCP 轨迹用于机器人路径和技能样本主体,shipbuilding_case,shipbuilding_case;project_internal;paper;public_dataset_schema,case-siemens-hd-hyundai-mipo-autonomous-welding;vendor-kranendonk-panel-welding-gantry;project-260522-shipbuilding-welding-brain-plan;paper-shipbuilding-robot-welding-screening;dataset-zenodo-tandem-gmaw-17951725,simulation_output,motion_template,supporting_schema,true,true,真实控制器程序不在当前范围
procedure_fields.torch_angle,procedure_fields,焊枪工作角和行进角用于角焊及姿态复现,shipbuilding_case,shipbuilding_case;project_internal,vendor-kranendonk-panel-welding-gantry;project-260522-shipbuilding-welding-brain-plan,pose_constraint,field_coverage,public_constraint_plus_project_placeholder,true,true,具体角度值需后续工艺确认
procedure_fields.quality_label,procedure_fields,质量标签用于标注仿真评分公开标签或待验证占位,public_dataset_schema,public_dataset_schema;project_internal,dataset-gdxray-weld-xray;dataset-riawelc-weld-image;dataset-lohi-weld;dataset-zenodo-metal-arc-welding-10017718;project-260522-shipbuilding-welding-brain-plan,quality_placeholder,vocabulary,public_vocabulary_or_simulation_placeholder,true,true,只作为词汇或占位不证明真实焊接质量
procedure_fields.defect_label,procedure_fields,缺陷标签用于气孔咬边未熔合等 vocabulary,public_dataset_schema,public_dataset_schema;public_process_reference,dataset-gdxray-weld-xray;dataset-riawelc-weld-image;dataset-lohi-weld;guide-twi-weld-defects;encyclopedia-wartsila-weld-defects,quality_vocabulary,vocabulary,public_vocabulary,true,conditional,后续需映射项目验收标签
procedure_fields.inspection_reference,procedure_fields,检查参考用于绑定标准入口公开数据集和检测术语,public_process_reference,standard_reference;public_dataset_schema;public_process_reference,standard-aws-swps-public-page;standard-aws-standards-index;dataset-gdxray-weld-xray;guide-twi-weld-defects;encyclopedia-wartsila-weld-defects,inspection_placeholder,procedure_reference,public_reference,true,conditional,不是验收标准正文也不是船级审查
geometry_spec.groove_geometry,geometry_spec,仿真几何层的坡口类型和尺寸结构,project_internal,project_internal,project-260522-shipbuilding-welding-brain-plan,geometry_input,task_mapping,simulation_assumption,true,true,用于 panel-butt 和后续厚板路线图
motion_spec.motion_template,motion_spec,运动模板用于直线摆动断续焊和多短焊缝序列,shipbuilding_case,shipbuilding_case;paper,case-siemens-hd-hyundai-mipo-autonomous-welding;vendor-kranendonk-panel-welding-gantry;paper-shipbuilding-robot-welding-screening,simulation_input,motion_template,public_constraint_plus_assumption,true,true,首批支持 single seam 和 seam list
process_spec.current,process_spec,过程规范层电流字段用于参数曲线或范围占位,public_dataset_schema,public_dataset_schema,dataset-zenodo-metal-arc-welding-10017718;dataset-zenodo-tandem-gmaw-17951725;dataset-mendeley-gmaw-screening-pool,parameter_schema,schema_reference,schema_only,true,true,公开数据集只支持字段形态和筛选线索
quality_spec.quality_label,quality_spec,质量规范层标签用于公开标签词汇仿真评分和验证状态,public_dataset_schema,public_dataset_schema;public_process_reference,dataset-gdxray-weld-xray;dataset-riawelc-weld-image;dataset-lohi-weld;guide-twi-weld-defects;encyclopedia-wartsila-weld-defects,quality_placeholder,vocabulary,public_vocabulary,true,true,必须保留 requires_real_validation_later
evidence_binding.requires_real_validation_later,evidence_binding,后续真实验证标记用于隔离假设值和真实合格结论,standard_reference,project_internal;standard_reference;paper,project-260522-shipbuilding-welding-brain-plan;standard-aws-swps-public-page;standard-aws-standards-index;paper-shipbuilding-robot-welding-screening,validation_gate,procedure_reference,required_marker,false,true,该字段本身是验证标记不再对自身要求二次验证
task_taxonomy.readiness,task_taxonomy,任务族处置状态用于区分 ready needs_more_sources defer,project_internal,project_internal;shipbuilding_case;public_process_reference,project-260522-shipbuilding-welding-brain-plan;vendor-kranendonk-panel-welding-gantry;case-siemens-hd-hyundai-mipo-autonomous-welding;vendor-kobelco-shipbuilding-welding,scenario_selection,task_mapping,manifest_derived,false,true,首批只允许 ready_for_synthetic_v2_plan 进入生成前设计
